﻿<?xml version="1.0" encoding="utf-8" ?>
<track name="Nürburgring">
  <trkpt lat="50.33818" lon="6.94986"/>
  <trkpt lat="50.33884" lon="6.9491"/>
  <trkpt lat="50.33928" lon="6.9485"/>
  <trkpt lat="50.33928" lon="6.94812"/>
  <trkpt lat="50.33906" lon="6.94778"/>
  <trkpt lat="50.3385" lon="6.94724"/>
  <trkpt lat="50.33799" lon="6.94667"/>
  <trkpt lat="50.3376" lon="6.94583"/>
  <trkpt lat="50.33729" lon="6.94485"/>
  <trkpt lat="50.33732" lon="6.9442"/>
  <trkpt lat="50.33744" lon="6.9434"/>
  <trkpt lat="50.33766" lon="6.94276"/>
  <trkpt lat="50.33764" lon="6.94205"/>
  <trkpt lat="50.33779" lon="6.93992"/>
  <trkpt lat="50.33769" lon="6.93945"/>
  <trkpt lat="50.33767" lon="6.93909"/>
  <trkpt lat="50.33774" lon="6.93877"/>
  <trkpt lat="50.33786" lon="6.93854"/>
  <trkpt lat="50.33868" lon="6.93761"/>
  <trkpt lat="50.339" lon="6.93686"/>
  <trkpt lat="50.33957" lon="6.93645"/>
  <trkpt lat="50.33973" lon="6.93604"/>
  <trkpt lat="50.33978" lon="6.93579"/>
  <trkpt lat="50.33984" lon="6.93459"/>
  <trkpt lat="50.33991" lon="6.934"/>
  <trkpt lat="50.34003" lon="6.93384"/>
  <trkpt lat="50.34078" lon="6.9335"/>
  <trkpt lat="50.34095" lon="6.93331"/>
  <trkpt lat="50.34249" lon="6.93017"/>
  <trkpt lat="50.34294" lon="6.92931"/>
  <trkpt lat="50.34348" lon="6.92847"/>
  <trkpt lat="50.34443" lon="6.92729"/>
  <trkpt lat="50.34504" lon="6.9266"/>
  <trkpt lat="50.34543" lon="6.92619"/>
  <trkpt lat="50.34572" lon="6.92605"/>
  <trkpt lat="50.34605" lon="6.92598"/>
  <trkpt lat="50.34643" lon="6.926"/>
  <trkpt lat="50.34725" lon="6.9264"/>
  <trkpt lat="50.34767" lon="6.92667"/>
  <trkpt lat="50.34834" lon="6.92694"/>
  <trkpt lat="50.34889" lon="6.92704"/>
  <trkpt lat="50.35005" lon="6.9271"/>
  <trkpt lat="50.35058" lon="6.92703"/>
  <trkpt lat="50.35207" lon="6.92659"/>
  <trkpt lat="50.35386" lon="6.92544"/>
  <trkpt lat="50.35542" lon="6.92432"/>
  <trkpt lat="50.35623" lon="6.92354"/>
  <trkpt lat="50.35674" lon="6.92247"/>
  <trkpt lat="50.35749" lon="6.9202"/>
  <trkpt lat="50.35765" lon="6.92006"/>
  <trkpt lat="50.35784" lon="6.92002"/>
  <trkpt lat="50.35813" lon="6.92017"/>
  <trkpt lat="50.35826" lon="6.9204"/>
  <trkpt lat="50.3586" lon="6.92147"/>
  <trkpt lat="50.35918" lon="6.92365"/>
  <trkpt lat="50.35986" lon="6.9248"/>
  <trkpt lat="50.3602" lon="6.92555"/>
  <trkpt lat="50.36112" lon="6.927"/>
  <trkpt lat="50.36188" lon="6.9286"/>
  <trkpt lat="50.36239" lon="6.92928"/>
  <trkpt lat="50.36262" lon="6.92952"/>
  <trkpt lat="50.36297" lon="6.92975"/>
  <trkpt lat="50.36364" lon="6.93035"/>
  <trkpt lat="50.36401" lon="6.93049"/>
  <trkpt lat="50.36467" lon="6.93041"/>
  <trkpt lat="50.36503" lon="6.9305"/>
  <trkpt lat="50.36523" lon="6.93068"/>
  <trkpt lat="50.3657" lon="6.9316"/>
  <trkpt lat="50.36592" lon="6.93178"/>
  <trkpt lat="50.36603" lon="6.93178"/>
  <trkpt lat="50.36651" lon="6.93155"/>
  <trkpt lat="50.36661" lon="6.9316"/>
  <trkpt lat="50.36779" lon="6.9336"/>
  <trkpt lat="50.37034" lon="6.93695"/>
  <trkpt lat="50.37093" lon="6.93746"/>
  <trkpt lat="50.37132" lon="6.93757"/>
  <trkpt lat="50.3719" lon="6.93752"/>
  <trkpt lat="50.37299" lon="6.93708"/>
  <trkpt lat="50.37313" lon="6.93679"/>
  <trkpt lat="50.37314" lon="6.93577"/>
  <trkpt lat="50.37321" lon="6.93538"/>
  <trkpt lat="50.37336" lon="6.93498"/>
  <trkpt lat="50.37356" lon="6.93457"/>
  <trkpt lat="50.37402" lon="6.93406"/>
  <trkpt lat="50.37425" lon="6.93395"/>
  <trkpt lat="50.37448" lon="6.93399"/>
  <trkpt lat="50.37462" lon="6.9342"/>
  <trkpt lat="50.37473" lon="6.93446"/>
  <trkpt lat="50.37486" lon="6.93535"/>
  <trkpt lat="50.37501" lon="6.93568"/>
  <trkpt lat="50.37558" lon="6.93663"/>
  <trkpt lat="50.37571" lon="6.93672"/>
  <trkpt lat="50.37629" lon="6.93683"/>
  <trkpt lat="50.37644" lon="6.93696"/>
  <trkpt lat="50.37708" lon="6.93773"/>
  <trkpt lat="50.37747" lon="6.93829"/>
  <trkpt lat="50.37756" lon="6.93865"/>
  <trkpt lat="50.37759" lon="6.93906"/>
  <trkpt lat="50.37757" lon="6.93953"/>
  <trkpt lat="50.37737" lon="6.94012"/>
  <trkpt lat="50.37712" lon="6.94076"/>
  <trkpt lat="50.37642" lon="6.94206"/>
  <trkpt lat="50.37598" lon="6.94242"/>
  <trkpt lat="50.37586" lon="6.94267"/>
  <trkpt lat="50.37589" lon="6.94292"/>
  <trkpt lat="50.37595" lon="6.94306"/>
  <trkpt lat="50.37611" lon="6.94319"/>
  <trkpt lat="50.37634" lon="6.94351"/>
  <trkpt lat="50.37652" lon="6.94452"/>
  <trkpt lat="50.37666" lon="6.94631"/>
  <trkpt lat="50.37664" lon="6.94726"/>
  <trkpt lat="50.37646" lon="6.94907"/>
  <trkpt lat="50.37656" lon="6.94979"/>
  <trkpt lat="50.37693" lon="6.95018"/>
  <trkpt lat="50.37729" lon="6.95046"/>
  <trkpt lat="50.37819" lon="6.95052"/>
  <trkpt lat="50.37835" lon="6.95073"/>
  <trkpt lat="50.37852" lon="6.95109"/>
  <trkpt lat="50.37876" lon="6.95204"/>
  <trkpt lat="50.37923" lon="6.95421"/>
  <trkpt lat="50.37974" lon="6.95759"/>
  <trkpt lat="50.37994" lon="6.9584"/>
  <trkpt lat="50.38064" lon="6.96007"/>
  <trkpt lat="50.38068" lon="6.9607"/>
  <trkpt lat="50.38059" lon="6.96104"/>
  <trkpt lat="50.38035" lon="6.96127"/>
  <trkpt lat="50.38011" lon="6.96131"/>
  <trkpt lat="50.37806" lon="6.96121"/>
  <trkpt lat="50.3768" lon="6.96143"/>
  <trkpt lat="50.37597" lon="6.96212"/>
  <trkpt lat="50.37577" lon="6.96243"/>
  <trkpt lat="50.37538" lon="6.96325"/>
  <trkpt lat="50.37489" lon="6.96473"/>
  <trkpt lat="50.37443" lon="6.96689"/>
  <trkpt lat="50.37442" lon="6.96868"/>
  <trkpt lat="50.37435" lon="6.97061"/>
  <trkpt lat="50.37427" lon="6.97235"/>
  <trkpt lat="50.37416" lon="6.97347"/>
  <trkpt lat="50.37391" lon="6.97458"/>
  <trkpt lat="50.37353" lon="6.97584"/>
  <trkpt lat="50.37255" lon="6.97817"/>
  <trkpt lat="50.37222" lon="6.97933"/>
  <trkpt lat="50.37214" lon="6.97992"/>
  <trkpt lat="50.37221" lon="6.98078"/>
  <trkpt lat="50.37239" lon="6.9815"/>
  <trkpt lat="50.37261" lon="6.98204"/>
  <trkpt lat="50.37297" lon="6.98276"/>
  <trkpt lat="50.37366" lon="6.98403"/>
  <trkpt lat="50.37393" lon="6.98491"/>
  <trkpt lat="50.3741" lon="6.98597"/>
  <trkpt lat="50.3743" lon="6.98852"/>
  <trkpt lat="50.37415" lon="6.98907"/>
  <trkpt lat="50.37401" lon="6.98923"/>
  <trkpt lat="50.37369" lon="6.98937"/>
  <trkpt lat="50.37354" lon="6.98937"/>
  <trkpt lat="50.37331" lon="6.98924"/>
  <trkpt lat="50.37299" lon="6.9882"/>
  <trkpt lat="50.37235" lon="6.98691"/>
  <trkpt lat="50.3721" lon="6.98612"/>
  <trkpt lat="50.37202" lon="6.98572"/>
  <trkpt lat="50.372" lon="6.98558"/>
  <trkpt lat="50.37181" lon="6.9852"/>
  <trkpt lat="50.3717" lon="6.98513"/>
  <trkpt lat="50.37154" lon="6.98513"/>
  <trkpt lat="50.3714" lon="6.98522"/>
  <trkpt lat="50.37124" lon="6.98552"/>
  <trkpt lat="50.37124" lon="6.98604"/>
  <trkpt lat="50.3713" lon="6.98622"/>
  <trkpt lat="50.37148" lon="6.98649"/>
  <trkpt lat="50.37181" lon="6.98689"/>
  <trkpt lat="50.37228" lon="6.98818"/>
  <trkpt lat="50.37288" lon="6.99001"/>
  <trkpt lat="50.37304" lon="6.99103"/>
  <trkpt lat="50.3732" lon="6.99191"/>
  <trkpt lat="50.37328" lon="6.99218"/>
  <trkpt lat="50.37347" lon="6.99259"/>
  <trkpt lat="50.37406" lon="6.9934"/>
  <trkpt lat="50.37437" lon="6.99371"/>
  <trkpt lat="50.37457" lon="6.99384"/>
  <trkpt lat="50.37498" lon="6.99391"/>
  <trkpt lat="50.37556" lon="6.99388"/>
  <trkpt lat="50.37575" lon="6.99411"/>
  <trkpt lat="50.37634" lon="6.99508"/>
  <trkpt lat="50.37652" lon="6.99546"/>
  <trkpt lat="50.37648" lon="6.99615"/>
  <trkpt lat="50.37611" lon="6.99804"/>
  <trkpt lat="50.37582" lon="6.99918"/>
  <trkpt lat="50.37531" lon="7.00013"/>
  <trkpt lat="50.37518" lon="7.0005"/>
  <trkpt lat="50.37501" lon="7.00136"/>
  <trkpt lat="50.37474" lon="7.00229"/>
  <trkpt lat="50.37379" lon="7.00368"/>
  <trkpt lat="50.37364" lon="7.00379"/>
  <trkpt lat="50.37331" lon="7.00388"/>
  <trkpt lat="50.37286" lon="7.0038"/>
  <trkpt lat="50.37184" lon="7.00337"/>
  <trkpt lat="50.37158" lon="7.00338"/>
  <trkpt lat="50.37135" lon="7.00358"/>
  <trkpt lat="50.37115" lon="7.00386"/>
  <trkpt lat="50.37099" lon="7.00426"/>
  <trkpt lat="50.37068" lon="7.00572"/>
  <trkpt lat="50.37058" lon="7.0059"/>
  <trkpt lat="50.37033" lon="7.00606"/>
  <trkpt lat="50.37001" lon="7.00613"/>
  <trkpt lat="50.36929" lon="7.00611"/>
  <trkpt lat="50.36889" lon="7.00597"/>
  <trkpt lat="50.36871" lon="7.00573"/>
  <trkpt lat="50.36861" lon="7.00539"/>
  <trkpt lat="50.36858" lon="7.00444"/>
  <trkpt lat="50.36866" lon="7.00365"/>
  <trkpt lat="50.36869" lon="7.00292"/>
  <trkpt lat="50.36867" lon="7.00227"/>
  <trkpt lat="50.3685" lon="7.00188"/>
  <trkpt lat="50.36784" lon="7.00128"/>
  <trkpt lat="50.3673" lon="7.00067"/>
  <trkpt lat="50.36675" lon="7.00015"/>
  <trkpt lat="50.36648" lon="7"/>
  <trkpt lat="50.36398" lon="6.99968"/>
  <trkpt lat="50.36369" lon="6.9995"/>
  <trkpt lat="50.36344" lon="6.99923"/>
  <trkpt lat="50.3632" lon="6.99869"/>
  <trkpt lat="50.36313" lon="6.99796"/>
  <trkpt lat="50.36297" lon="6.99726"/>
  <trkpt lat="50.36262" lon="6.99663"/>
  <trkpt lat="50.36157" lon="6.99537"/>
  <trkpt lat="50.36029" lon="6.99434"/>
  <trkpt lat="50.35995" lon="6.99391"/>
  <trkpt lat="50.35963" lon="6.9934"/>
  <trkpt lat="50.35906" lon="6.99224"/>
  <trkpt lat="50.35881" lon="6.99164"/>
  <trkpt lat="50.35857" lon="6.99073"/>
  <trkpt lat="50.35804" lon="6.9873"/>
  <trkpt lat="50.35798" lon="6.98666"/>
  <trkpt lat="50.35801" lon="6.9863"/>
  <trkpt lat="50.35852" lon="6.98439"/>
  <trkpt lat="50.35857" lon="6.98412"/>
  <trkpt lat="50.35856" lon="6.98353"/>
  <trkpt lat="50.35811" lon="6.98236"/>
  <trkpt lat="50.35762" lon="6.98146"/>
  <trkpt lat="50.35753" lon="6.98141"/>
  <trkpt lat="50.35727" lon="6.98146"/>
  <trkpt lat="50.35711" lon="6.98164"/>
  <trkpt lat="50.35689" lon="6.98201"/>
  <trkpt lat="50.35669" lon="6.98246"/>
  <trkpt lat="50.35646" lon="6.98326"/>
  <trkpt lat="50.35609" lon="6.98532"/>
  <trkpt lat="50.35592" lon="6.98582"/>
  <trkpt lat="50.35549" lon="6.98639"/>
  <trkpt lat="50.35513" lon="6.98664"/>
  <trkpt lat="50.35474" lon="6.98673" />
  <trkpt lat="50.35445" lon="6.98671" />
  <trkpt lat="50.354" lon="6.98649" />
  <trkpt lat="50.35353" lon="6.98597" />
  <trkpt lat="50.35327" lon="6.9855" />
  <trkpt lat="50.35286" lon="6.98462" />
  <trkpt lat="50.35117" lon="6.98053" />
  <trkpt lat="50.34881" lon="6.97445" />
  <trkpt lat="50.34365" lon="6.96078" />
  <trkpt lat="50.34331" lon="6.95999" />
  <trkpt lat="50.34257" lon="6.95877" />
  <trkpt lat="50.34078" lon="6.95623" />
  <trkpt lat="50.34057" lon="6.95598" />
  <trkpt lat="50.33993" lon="6.95545" />
  <trkpt lat="50.33958" lon="6.95509" />
  <trkpt lat="50.33876" lon="6.95387" />
  <trkpt lat="50.33809" lon="6.95331" />
  <trkpt lat="50.33805" lon="6.95282" />
  <trkpt lat="50.33805" lon="6.95217" />
  <trkpt lat="50.33784" lon="6.95148" />
  <trkpt lat="50.33767" lon="6.95106" />
  <trkpt lat="50.33812" lon="6.94999" />
  <trkpt lat="50.33818" lon="6.94986" />
</track>
